,tweet_id,timestamp,source,text,expanded_urls,rating_numerator,rating_denominator,name,stage,retweet_count,favorite_count,jpg_url,breed_prediction,prediction_confidence
0,845397057150107648,2017-03-24 22:08:59 +0000,"<a href=""http://twitter.com/download/iphone"" rel=""nofollow"">Twitter for iPhone</a>","Say hello to Mimosa. She's an emotional support doggo who helps her owner with PTSD. 13/10, but she needs your help

 ","https://www.gofundme.com/help-save-a-pup,https://twitter.com/dog_rates/status/845397057150107648/photo/1,https://twitter.com/dog_rates/status/845397057150107648/photo/1",13,10,Mimosa,doggo,1926.0,7957.0,https://pbs.twimg.com/media/C7t0IzLWkAINoft.jpg,Dandie_Dinmont,0.394404
1,826848821049180160,2017-02-01 17:44:55 +0000,"<a href=""http://twitter.com/download/iphone"" rel=""nofollow"">Twitter for iPhone</a>",This is Cupid. He was found in the trash. Now he's well on his way to prosthetic front legs and a long happy doggo life. 13/10 heroic af ,"https://twitter.com/dog_rates/status/826848821049180160/photo/1,https://twitter.com/dog_rates/status/826848821049180160/photo/1,https://twitter.com/dog_rates/status/826848821049180160/photo/1,https://twitter.com/dog_rates/status/826848821049180160/photo/1",13,10,Cupid,doggo,11120.0,38678.0,https://pbs.twimg.com/media/C3mOnZ_XUAAjr2V.jpg,Great_Pyrenees,0.858764
2,821765923262631936,2017-01-18 17:07:18 +0000,"<a href=""http://twitter.com/download/iphone"" rel=""nofollow"">Twitter for iPhone</a>",This is Duchess. She uses dark doggo forces to levitate her toys. 13/10 magical af ,https://twitter.com/dog_rates/status/821765923262631936/photo/1,13,10,Duchess,doggo,1819.0,8972.0,https://pbs.twimg.com/media/C2d_vnHWEAE9phX.jpg,golden_retriever,0.980071
3,819004803107983360,2017-01-11 02:15:36 +0000,"<a href=""http://twitter.com/download/iphone"" rel=""nofollow"">Twitter for iPhone</a>",This is Bo. He was a very good First Doggo. 14/10 would be an absolute honor to pet ,"https://twitter.com/dog_rates/status/819004803107983360/photo/1,https://twitter.com/dog_rates/status/819004803107983360/photo/1,https://twitter.com/dog_rates/status/819004803107983360/photo/1,https://twitter.com/dog_rates/status/819004803107983360/photo/1",14,10,Bo,doggo,40172.0,92192.0,https://pbs.twimg.com/media/C12whDoVEAALRxa.jpg,standard_poodle,0.351308
4,813910438903693312,2016-12-28 00:52:25 +0000,"<a href=""http://twitter.com/download/iphone"" rel=""nofollow"">Twitter for iPhone</a>",This is Chubbs. He dug a hole and now he's stuck in it. Dang h*ckin doggo. 11/10 would assist ,https://twitter.com/dog_rates/status/813910438903693312/photo/1,11,10,Chubbs,doggo,2067.0,9943.0,https://pbs.twimg.com/media/C0uXObSXUAAIzmV.jpg,Siberian_husky,0.6993550000000001
5,801115127852503040,2016-11-22 17:28:25 +0000,"<a href=""http://twitter.com/download/iphone"" rel=""nofollow"">Twitter for iPhone</a>",This is Bones. He's being haunted by another doggo of roughly the same size. 12/10 deep breaths pupper everything's fine ,"https://twitter.com/dog_rates/status/801115127852503040/photo/1,https://twitter.com/dog_rates/status/801115127852503040/photo/1",12,10,Bones,doggo,2306.0,8685.0,https://pbs.twimg.com/media/Cx4h7zHUsAAqaJd.jpg,dalmatian,0.823356
6,801115127852503040,2016-11-22 17:28:25 +0000,"<a href=""http://twitter.com/download/iphone"" rel=""nofollow"">Twitter for iPhone</a>",This is Bones. He's being haunted by another doggo of roughly the same size. 12/10 deep breaths pupper everything's fine ,"https://twitter.com/dog_rates/status/801115127852503040/photo/1,https://twitter.com/dog_rates/status/801115127852503040/photo/1",12,10,Bones,pupper,2306.0,8685.0,https://pbs.twimg.com/media/Cx4h7zHUsAAqaJd.jpg,dalmatian,0.823356
7,786363235746385920,2016-10-13 00:29:39 +0000,"<a href=""http://twitter.com/download/iphone"" rel=""nofollow"">Twitter for iPhone</a>",This is Rizzo. He has many talents. A true renaissance doggo. 13/10 entertaining af ,"https://twitter.com/dog_rates/status/786363235746385920/photo/1,https://twitter.com/dog_rates/status/786363235746385920/photo/1,https://twitter.com/dog_rates/status/786363235746385920/photo/1,https://twitter.com/dog_rates/status/786363235746385920/photo/1",13,10,Rizzo,doggo,3859.0,11701.0,https://pbs.twimg.com/media/Cum5LlfWAAAyPcS.jpg,golden_retriever,0.929266
8,782747134529531904,2016-10-03 01:00:34 +0000,"<a href=""http://twitter.com/download/iphone"" rel=""nofollow"">Twitter for iPhone</a>",This is Deacon. He's the happiest almost dry doggo I've ever seen. 11/10 would smile back ,https://twitter.com/dog_rates/status/782747134529531904/photo/1,11,10,Deacon,doggo,1532.0,8001.0,https://pbs.twimg.com/media/CtzgXgeXYAA1Gxw.jpg,golden_retriever,0.560699
9,782305867769217024,2016-10-01 19:47:08 +0000,"<a href=""http://twitter.com/download/iphone"" rel=""nofollow"">Twitter for iPhone</a>",This is Sampson. He just graduated. Ready to be a doggo now. Time for the real world. 12/10 have fun with taxes ,"https://twitter.com/dog_rates/status/782305867769217024/photo/1,https://twitter.com/dog_rates/status/782305867769217024/photo/1,https://twitter.com/dog_rates/status/782305867769217024/photo/1",12,10,Sampson,doggo,6122.0,17854.0,https://pbs.twimg.com/media/CttPBt0WIAAcsDE.jpg,briard,0.5044270000000001
10,775364825476165632,2016-09-12 16:05:54 +0000,"<a href=""http://twitter.com/download/iphone"" rel=""nofollow"">Twitter for iPhone</a>",This is Finley. He's an independent doggo still adjusting to life on his own. 11/10 ,"https://twitter.com/dog_rates/status/775364825476165632/photo/1,https://twitter.com/dog_rates/status/775364825476165632/photo/1,https://twitter.com/dog_rates/status/775364825476165632/photo/1,https://twitter.com/dog_rates/status/775364825476165632/photo/1",11,10,Finley,doggo,3251.0,7933.0,https://pbs.twimg.com/media/CsKmMB2WAAAXcAy.jpg,beagle,0.571229
11,759793422261743616,2016-07-31 16:50:42 +0000,"<a href=""http://twitter.com/download/iphone"" rel=""nofollow"">Twitter for iPhone</a>","Meet Maggie &amp; Lila. Maggie is the doggo, Lila is the pupper. They are sisters. Both 12/10 would pet at the same time ","https://twitter.com/dog_rates/status/759793422261743616/photo/1,https://twitter.com/dog_rates/status/759793422261743616/photo/1",12,10,Maggie,doggo,2062.0,6325.0,https://pbs.twimg.com/media/CotUFZEWcAA2Pku.jpg,golden_retriever,0.985876
12,759793422261743616,2016-07-31 16:50:42 +0000,"<a href=""http://twitter.com/download/iphone"" rel=""nofollow"">Twitter for iPhone</a>","Meet Maggie &amp; Lila. Maggie is the doggo, Lila is the pupper. They are sisters. Both 12/10 would pet at the same time ","https://twitter.com/dog_rates/status/759793422261743616/photo/1,https://twitter.com/dog_rates/status/759793422261743616/photo/1",12,10,Maggie,pupper,2062.0,6325.0,https://pbs.twimg.com/media/CotUFZEWcAA2Pku.jpg,golden_retriever,0.985876
13,748932637671223296,2016-07-01 17:33:49 +0000,"<a href=""http://twitter.com/download/iphone"" rel=""nofollow"">Twitter for iPhone</a>",Say hello to Divine Doggo. Must be magical af. 13/10 would be an honor to pet ,https://twitter.com/dog_rates/status/748932637671223296/photo/1,13,10,Divine,doggo,2440.0,6181.0,https://pbs.twimg.com/media/CmS-QkQWAAAkUa-.jpg,borzoi,0.742912
14,733822306246479872,2016-05-21 00:50:46 +0000,"<a href=""http://twitter.com/download/iphone"" rel=""nofollow"">Twitter for iPhone</a>",This is Moose. He's a Polynesian Floofer. Dapper af. 10/10 would pet diligently ,https://twitter.com/dog_rates/status/733822306246479872/photo/1,10,10,Moose,floofer,1078.0,3849.0,https://pbs.twimg.com/media/Ci8Pfg_UUAA2m9i.jpg,Lhasa,0.457356
15,685307451701334016,2016-01-08 03:50:03 +0000,"<a href=""http://twitter.com/download/iphone"" rel=""nofollow"">Twitter for iPhone</a>",Say hello to Petrick. He's an Altostratus Floofer. Just had a run in with a trash bag. Groovy checkered floor. 11/10 ,https://twitter.com/dog_rates/status/685307451701334016/photo/1,11,10,Petrick,floofer,472.0,2176.0,https://pbs.twimg.com/media/CYKzfTTWMAEeTN7.jpg,Pomeranian,0.963176
16,886366144734445568,2017-07-15 23:25:31 +0000,"<a href=""http://twitter.com/download/iphone"" rel=""nofollow"">Twitter for iPhone</a>",This is Roscoe. Another pupper fallen victim to spontaneous tongue ejections. Get the BlepiPen immediate. 12/10 deep breaths Roscoe ,"https://twitter.com/dog_rates/status/886366144734445568/photo/1,https://twitter.com/dog_rates/status/886366144734445568/photo/1",12,10,Roscoe,pupper,3145.0,20867.0,https://pbs.twimg.com/media/DE0BTnQUwAApKEH.jpg,French_bulldog,0.999201
17,882762694511734784,2017-07-06 00:46:41 +0000,"<a href=""http://twitter.com/download/iphone"" rel=""nofollow"">Twitter for iPhone</a>",This is Gus. He's quite the cheeky pupper. Already perfected the disinterested wink. 12/10 would let steal my girl ,https://twitter.com/dog_rates/status/882762694511734784/photo/1,12,10,Gus,pupper,4838.0,27878.0,https://pbs.twimg.com/media/DEAz_HHXsAA-p_z.jpg,Labrador_retriever,0.85005
18,876838120628539392,2017-06-19 16:24:33 +0000,"<a href=""http://twitter.com/download/iphone"" rel=""nofollow"">Twitter for iPhone</a>",This is Ginger. She's having a ruff Monday. Too many pupper things going on. H*ckin exhausting. 12/10 would snug passionately ,"https://twitter.com/dog_rates/status/876838120628539392/photo/1,https://twitter.com/dog_rates/status/876838120628539392/photo/1",12,10,Ginger,pupper,3301.0,20398.0,https://pbs.twimg.com/media/DCsnnZsVwAEfkyi.jpg,bloodhound,0.575751
19,874296783580663808,2017-06-12 16:06:11 +0000,"<a href=""http://twitter.com/download/iphone"" rel=""nofollow"">Twitter for iPhone</a>",This is Jed. He may be the fanciest pupper in the game right now. Knows it too. 13/10 would sign modeling contract ,https://twitter.com/dog_rates/status/874296783580663808/photo/1,13,10,Jed,pupper,4069.0,25727.0,https://pbs.twimg.com/media/DCIgSR0XgAANEOY.jpg,cocker_spaniel,0.437216
20,873213775632977920,2017-06-09 16:22:42 +0000,"<a href=""http://twitter.com/download/iphone"" rel=""nofollow"">Twitter for iPhone</a>","This is Sierra. She's one precious pupper. Absolute 12/10. Been in and out of ICU her whole life. Help Sierra below

 ","https://www.gofundme.com/help-my-baby-sierra-get-better,https://twitter.com/dog_rates/status/873213775632977920/photo/1,https://twitter.com/dog_rates/status/873213775632977920/photo/1",12,10,Sierra,pupper,1573.0,7145.0,https://pbs.twimg.com/media/DB5HTBGXUAE0TiK.jpg,vizsla,0.6197819999999999
21,850019790995546112,2017-04-06 16:18:05 +0000,"<a href=""http://twitter.com/download/iphone"" rel=""nofollow"">Twitter for iPhone</a>",Say hello to Boomer. He's a sandy pupper. Having a h*ckin blast. 12/10 would pet passionately ,"https://twitter.com/dog_rates/status/850019790995546112/photo/1,https://twitter.com/dog_rates/status/850019790995546112/photo/1,https://twitter.com/dog_rates/status/850019790995546112/photo/1",12,10,Boomer,pupper,5164.0,21149.0,https://pbs.twimg.com/media/C8vgfTsXgAA561h.jpg,Shetland_sheepdog,0.759907
22,845306882940190720,2017-03-24 16:10:40 +0000,"<a href=""http://twitter.com/download/iphone"" rel=""nofollow"">Twitter for iPhone</a>",This is Pickles. She's a silly pupper. Thinks she's a dish. 12/10 would dry ,https://twitter.com/dog_rates/status/845306882940190720/photo/1,12,10,Pickles,pupper,5739.0,24305.0,https://pbs.twimg.com/media/C7siH5DXkAACnDT.jpg,Irish_water_spaniel,0.567475
23,837110210464448512,2017-03-02 01:20:01 +0000,"<a href=""http://twitter.com/download/iphone"" rel=""nofollow"">Twitter for iPhone</a>",This is Clark. He passed pupper training today. Round of appaws for Clark. 13/10 ,https://twitter.com/dog_rates/status/837110210464448512/photo/1,13,10,Clark,pupper,2576.0,16843.0,https://pbs.twimg.com/media/C54DS1kXQAEU5pS.jpg,Siberian_husky,0.767696
24,814986499976527872,2016-12-31 00:08:17 +0000,"<a href=""http://twitter.com/download/iphone"" rel=""nofollow"">Twitter for iPhone</a>",This is Cooper. Someone attacked him with a sharpie. Poor pupper. 11/10 nifty tongue slip tho ,https://twitter.com/dog_rates/status/814986499976527872/photo/1,11,10,Cooper,pupper,1422.0,8168.0,https://pbs.twimg.com/media/C09p5dJWIAE5qKL.jpg,dalmatian,0.999828
25,811386762094317568,2016-12-21 01:44:13 +0000,"<a href=""http://twitter.com/download/iphone"" rel=""nofollow"">Twitter for iPhone</a>",This is Craig. That's actually a normal sized fence he's stuck on. H*ckin massive pupper. 11/10 someone help him ,https://twitter.com/dog_rates/status/811386762094317568/photo/1,11,10,Craig,pupper,7034.0,22395.0,https://pbs.twimg.com/media/C0Kf9PtWQAEW4sE.jpg,Pembroke,0.804177
26,807621403335917568,2016-12-10 16:22:02 +0000,"<a href=""http://twitter.com/download/iphone"" rel=""nofollow"">Twitter for iPhone</a>",This is Ollie Vue. He was a 3 legged pupper on a mission to overcome everything. This is very hard to write. 14/10 we will miss you Ollie ,"https://twitter.com/dog_rates/status/807621403335917568/photo/1,https://twitter.com/dog_rates/status/807621403335917568/photo/1,https://twitter.com/dog_rates/status/807621403335917568/photo/1,https://twitter.com/dog_rates/status/807621403335917568/photo/1",14,10,Ollie,pupper,4055.0,15637.0,https://pbs.twimg.com/media/CzU_YVGUUAA3Xsd.jpg,golden_retriever,0.873233
27,778027034220126208,2016-09-20 00:24:34 +0000,"<a href=""http://twitter.com/download/iphone"" rel=""nofollow"">Twitter for iPhone</a>",This is Sophie. She's a Jubilant Bush Pupper. Super h*ckin rare. Appears at random just to smile at the locals. 11.27/10 would smile back ,https://twitter.com/dog_rates/status/778027034220126208/photo/1,27,10,Sophie,pupper,1776.0,7004.0,https://pbs.twimg.com/media/Cswbc2yWcAAVsCJ.jpg,clumber,0.946718
28,773547596996571136,2016-09-07 15:44:53 +0000,"<a href=""http://twitter.com/download/iphone"" rel=""nofollow"">Twitter for iPhone</a>",This is Chelsea. She forgot how to dog. 11/10 get it together pupper ,https://twitter.com/dog_rates/status/773547596996571136/photo/1,11,10,Chelsea,pupper,6729.0,23546.0,https://pbs.twimg.com/media/Crwxb5yWgAAX5P_.jpg,Norwegian_elkhound,0.372202
29,772193107915964416,2016-09-03 22:02:38 +0000,"<a href=""http://twitter.com/download/iphone"" rel=""nofollow"">Twitter for iPhone</a>",This is Willem. He's a Penn State pupper. Thinks the hood makes him more intimidating. It doesn't. 12/10 ,https://twitter.com/dog_rates/status/772193107915964416/photo/1,12,10,Willem,pupper,1508.0,6407.0,https://pbs.twimg.com/media/Crdhh_1XEAAHKHi.jpg,Pembroke,0.367945
30,765371061932261376,2016-08-16 02:14:15 +0000,"<a href=""http://twitter.com/download/iphone"" rel=""nofollow"">Twitter for iPhone</a>",This is Louie. He's had a long day. Did a lot of pupper things. Also appears to be rather heckin pettable. 11/10 ,"https://twitter.com/dog_rates/status/765371061932261376/photo/1,https://twitter.com/dog_rates/status/765371061932261376/photo/1",11,10,Louie,pupper,2347.0,7553.0,https://pbs.twimg.com/media/Cp8k6oRWcAUL78U.jpg,golden_retriever,0.829456
31,756939218950160384,2016-07-23 19:49:07 +0000,"<a href=""http://twitter.com/download/iphone"" rel=""nofollow"">Twitter for iPhone</a>",This is Jax. He is a majestic mountain pupper. Thinks flat ground is for the weak. 12/10 would totally hike with ,https://twitter.com/dog_rates/status/756939218950160384/photo/1,12,10,Jax,pupper,2178.0,7063.0,https://pbs.twimg.com/media/CoEwMXeWEAAaIz5.jpg,golden_retriever,0.790371
32,750383411068534784,2016-07-05 17:38:41 +0000,"<a href=""http://twitter.com/download/iphone"" rel=""nofollow"">Twitter for iPhone</a>",This is Zoe. She was trying to stealthily take a picture of you but you just noticed. 9/10 not so sneaky pupper ,https://twitter.com/dog_rates/status/750383411068534784/photo/1,9,10,Zoe,pupper,1227.0,4813.0,https://pbs.twimg.com/media/CmnluwbXEAAqnkw.jpg,Border_collie,0.672791
33,749417653287129088,2016-07-03 01:41:06 +0000,"<a href=""http://twitter.com/download/iphone"" rel=""nofollow"">Twitter for iPhone</a>",This is Finn. He's the most unphotogenic pupper of all time. 11/10 ,"https://twitter.com/dog_rates/status/749417653287129088/photo/1,https://twitter.com/dog_rates/status/749417653287129088/photo/1,https://twitter.com/dog_rates/status/749417653287129088/photo/1,https://twitter.com/dog_rates/status/749417653287129088/photo/1",11,10,Finn,pupper,1802.0,6444.0,https://pbs.twimg.com/media/CmZ3YH9WEAAowi3.jpg,papillon,0.772894
34,741743634094141440,2016-06-11 21:27:17 +0000,"<a href=""http://twitter.com/download/iphone"" rel=""nofollow"">Twitter for iPhone</a>",Meet Aqua. She's a sandy pupper. Not sure how she feels about being so sandy. Radical tongue slip. 11/10 petable af ,"https://twitter.com/dog_rates/status/741743634094141440/photo/1,https://twitter.com/dog_rates/status/741743634094141440/photo/1,https://twitter.com/dog_rates/status/741743634094141440/photo/1",11,10,Aqua,pupper,2966.0,8600.0,https://pbs.twimg.com/media/Cksz42EW0AAh2NF.jpg,Labrador_retriever,0.786089
35,739606147276148736,2016-06-05 23:53:41 +0000,"<a href=""http://twitter.com/download/iphone"" rel=""nofollow"">Twitter for iPhone</a>",Meet Benji. He just turned 1. Has already given up on a traditional pupper physique. Just inhaled that thing. 9/10 ,"https://twitter.com/dog_rates/status/739606147276148736/photo/1,https://twitter.com/dog_rates/status/739606147276148736/photo/1,https://twitter.com/dog_rates/status/739606147276148736/photo/1",9,10,Benji,pupper,1773.0,5659.0,https://pbs.twimg.com/media/CkOb3FXW0AAUL_U.jpg,Blenheim_spaniel,0.933755
36,730573383004487680,2016-05-12 01:40:42 +0000,"<a href=""http://twitter.com/download/iphone"" rel=""nofollow"">Twitter for iPhone</a>",This is Rooney. He can't comprehend glass. 10/10 it'll be ok pupper ,"https://twitter.com/dog_rates/status/730573383004487680/photo/1,https://twitter.com/dog_rates/status/730573383004487680/photo/1,https://twitter.com/dog_rates/status/730573383004487680/photo/1",10,10,Rooney,pupper,2301.0,5161.0,https://pbs.twimg.com/media/CiOEnI6WgAAmq4E.jpg,American_Staffordshire_terrier,0.810158
37,725786712245440512,2016-04-28 20:40:11 +0000,"<a href=""http://twitter.com/download/iphone"" rel=""nofollow"">Twitter for iPhone</a>",Say hello to Lillie. She's a Rutabagan Floofem. Poor pupper ate and then passed out. 11/10 relatable af ,https://twitter.com/dog_rates/status/725786712245440512/photo/1,11,10,Lillie,pupper,1450.0,4359.0,https://pbs.twimg.com/media/ChKDKmIWIAIJP_e.jpg,chow,0.33576100000000003
38,711008018775851008,2016-03-19 01:54:56 +0000,"<a href=""http://twitter.com/download/iphone"" rel=""nofollow"">Twitter for iPhone</a>",This is Chuckles. He had a balloon but he accidentally let go of it and it floated away. 11/10 hang in there pupper ,https://twitter.com/dog_rates/status/711008018775851008/photo/1,11,10,Chuckles,pupper,663.0,3137.0,https://pbs.twimg.com/media/Cd4CBQFW8AAY3ND.jpg,French_bulldog,0.731405
39,705975130514706432,2016-03-05 04:36:02 +0000,"<a href=""http://twitter.com/download/iphone"" rel=""nofollow"">Twitter for iPhone</a>",This is Adele. Her tongue flies out of her mouth at random. It's a debilitating illness. 10/10 stay strong pupper ,"https://twitter.com/dog_rates/status/705975130514706432/photo/1,https://twitter.com/dog_rates/status/705975130514706432/photo/1",10,10,Adele,pupper,788.0,3256.0,https://pbs.twimg.com/media/CcwgjmuXIAEQoSd.jpg,Staffordshire_bullterrier,0.5877640000000001
40,703611486317502464,2016-02-27 16:03:45 +0000,"<a href=""http://twitter.com/download/iphone"" rel=""nofollow"">Twitter for iPhone</a>",Meet Scooter. He's experiencing the pupper equivalent of dropping ur phone in a toilet 10/10 put it in some rice pup ,https://twitter.com/dog_rates/status/703611486317502464/photo/1,10,10,Scooter,pupper,1620.0,4060.0,https://pbs.twimg.com/media/CcO66OjXEAASXmH.jpg,Pembroke,0.756441
41,699801817392291840,2016-02-17 03:45:29 +0000,"<a href=""http://twitter.com/download/iphone"" rel=""nofollow"">Twitter for iPhone</a>",This is Cooper. He began to tear up when his bone was taken from him. 11/10 stay strong pupper ,"https://twitter.com/dog_rates/status/699801817392291840/photo/1,https://twitter.com/dog_rates/status/699801817392291840/photo/1,https://twitter.com/dog_rates/status/699801817392291840/photo/1,https://twitter.com/dog_rates/status/699801817392291840/photo/1",11,10,Cooper,pupper,1027.0,3212.0,https://pbs.twimg.com/media/CbYyCMcWIAAHHjF.jpg,golden_retriever,0.808978
42,695074328191332352,2016-02-04 02:40:08 +0000,"<a href=""http://twitter.com/download/iphone"" rel=""nofollow"">Twitter for iPhone</a>",This is Lorenzo. He's educated af. Just graduated college. 11/10 poor pupper can't even comprehend his debt ,https://twitter.com/dog_rates/status/695074328191332352/photo/1,11,10,Lorenzo,pupper,1182.0,2991.0,https://pbs.twimg.com/media/CaVmajOWYAA1uNG.jpg,Shih-Tzu,0.5101060000000001
43,694329668942569472,2016-02-02 01:21:07 +0000,"<a href=""http://twitter.com/download/iphone"" rel=""nofollow"">Twitter for iPhone</a>",Meet Grady. He's very hungry. Too bad no one can find his food bowl. 9/10 poor pupper ,https://twitter.com/dog_rates/status/694329668942569472/photo/1,9,10,Grady,pupper,537.0,2113.0,https://pbs.twimg.com/media/CaLBJmOWYAQt44t.jpg,boxer,0.99006
44,689905486972461056,2016-01-20 20:21:00 +0000,"<a href=""http://twitter.com/download/iphone"" rel=""nofollow"">Twitter for iPhone</a>","Say hello to Gizmo. He's quite the pupper. Confused by bed, but agile af. Can barely catch on camera. 11/10 so quick ","https://twitter.com/dog_rates/status/689905486972461056/photo/1,https://twitter.com/dog_rates/status/689905486972461056/photo/1,https://twitter.com/dog_rates/status/689905486972461056/photo/1,https://twitter.com/dog_rates/status/689905486972461056/photo/1",11,10,Gizmo,pupper,742.0,2561.0,https://pbs.twimg.com/media/CZMJYCRVAAE35Wk.jpg,Pomeranian,0.943331
45,689143371370250240,2016-01-18 17:52:38 +0000,"<a href=""http://twitter.com/download/iphone"" rel=""nofollow"">Twitter for iPhone</a>",Meet Trip. He likes wearing costumes that aren't consistent with the season to screw with people 10/10 tricky pupper ,https://twitter.com/dog_rates/status/689143371370250240/photo/1,10,10,Trip,pupper,552.0,2129.0,https://pbs.twimg.com/media/CZBUO2UWsAAKehS.jpg,English_springer,0.303781
46,686618349602762752,2016-01-11 18:39:05 +0000,"<a href=""http://twitter.com/download/iphone"" rel=""nofollow"">Twitter for iPhone</a>",This is Olivia. She just saw an adult wearing crocs. 11/10 poor pupper. No one should witness such a thing ,https://twitter.com/dog_rates/status/686618349602762752/photo/1,11,10,Olivia,pupper,1456.0,3886.0,https://pbs.twimg.com/media/CYdbvwjWcAEtjYu.jpg,Rottweiler,0.441331
47,685268753634967552,2016-01-08 01:16:17 +0000,"<a href=""http://twitter.com/download/iphone"" rel=""nofollow"">Twitter for iPhone</a>",This is Hubertson. He's a Carmel Haberdashery. Enjoys long summer days on his boat. Very peaceful pupper. 10/10 ,https://twitter.com/dog_rates/status/685268753634967552/photo/1,10,10,Hubertson,pupper,1296.0,3259.0,https://pbs.twimg.com/media/CYKQS0xUQAEOptC.jpg,pug,0.999044
48,685169283572338688,2016-01-07 18:41:01 +0000,"<a href=""http://twitter.com/download/iphone"" rel=""nofollow"">Twitter for iPhone</a>",Meet Gerbald. He just found out he's adopted. Poor pupper. Snazzy tongue tho. 11/10 would hold close in time of need ,https://twitter.com/dog_rates/status/685169283572338688/photo/1,11,10,Gerbald,pupper,1525.0,4317.0,https://pbs.twimg.com/media/CYI10WhWsAAjzii.jpg,Bernese_mountain_dog,0.975096
49,683481228088049664,2016-01-03 02:53:17 +0000,"<a href=""http://twitter.com/download/iphone"" rel=""nofollow"">Twitter for iPhone</a>",Meet Banjo. He's a Peppercorn Shoop Da Whoop. Nails look lethal. Skeptical of luminescent orb 11/10 stay woke pupper ,https://twitter.com/dog_rates/status/683481228088049664/photo/1,11,10,Banjo,pupper,1067.0,2776.0,https://pbs.twimg.com/media/CXw2jSpWMAAad6V.jpg,keeshond,0.508951
50,683142553609318400,2016-01-02 04:27:31 +0000,"<a href=""http://twitter.com/download/iphone"" rel=""nofollow"">Twitter for iPhone</a>",Meet Brandy. She's a member of the Bloods. Menacing criminal pupper. Soft spot for flowers tho. 9/10 pet w caution ,https://twitter.com/dog_rates/status/683142553609318400/photo/1,9,10,Brandy,pupper,1113.0,3035.0,https://pbs.twimg.com/media/CXsChyjW8AQJ16C.jpg,Leonberg,0.605851
51,683111407806746624,2016-01-02 02:23:45 +0000,"<a href=""http://twitter.com/download/iphone"" rel=""nofollow"">Twitter for iPhone</a>",This is Larry. He thought the New Year's parties were tonight. 10/10 poor pupper. Maybe next year ,https://twitter.com/dog_rates/status/683111407806746624/photo/1,10,10,Larry,pupper,977.0,3575.0,https://pbs.twimg.com/media/CXrmMSpUwAAdeRj.jpg,cocker_spaniel,0.901392
52,681654059175129088,2015-12-29 01:52:46 +0000,"<a href=""http://twitter.com/download/iphone"" rel=""nofollow"">Twitter for iPhone</a>",This is Toffee. He's a happy pupper. Appears dangerously fluffy. Extraordinarily spherical. 12/10 would pet firmly ,https://twitter.com/dog_rates/status/681654059175129088/photo/1,12,10,Toffee,pupper,996.0,2783.0,https://pbs.twimg.com/media/CXW4wGHWsAE_eBD.jpg,Pomeranian,0.800538
53,680836378243002368,2015-12-26 19:43:36 +0000,"<a href=""http://twitter.com/download/iphone"" rel=""nofollow"">Twitter for iPhone</a>",This is Ellie. She's secretly ferocious. 12/10 very deadly pupper ,"https://twitter.com/dog_rates/status/680836378243002368/photo/1,https://twitter.com/dog_rates/status/680836378243002368/photo/1,https://twitter.com/dog_rates/status/680836378243002368/photo/1",12,10,Ellie,pupper,1429.0,3633.0,https://pbs.twimg.com/media/CXLREjOW8AElfk6.jpg,Pembroke,0.427781
54,680145970311643136,2015-12-24 22:00:10 +0000,"<a href=""http://twitter.com/download/iphone"" rel=""nofollow"">Twitter for iPhone</a>",Say hello to Kawhi. He was doing fine until his hat fell off. He got it back though. 10/10 deep breaths pupper ,"https://twitter.com/dog_rates/status/680145970311643136/photo/1,https://twitter.com/dog_rates/status/680145970311643136/photo/1,https://twitter.com/dog_rates/status/680145970311643136/photo/1",10,10,Kawhi,pupper,1871.0,3804.0,https://pbs.twimg.com/media/CXBdJxLUsAAWql2.jpg,miniature_poodle,0.457117
55,679777920601223168,2015-12-23 21:37:40 +0000,"<a href=""http://twitter.com/download/iphone"" rel=""nofollow"">Twitter for iPhone</a>",This is Rinna. She's melting. 10/10 get inside pupper ,https://twitter.com/dog_rates/status/679777920601223168/photo/1,10,10,Rinna,pupper,1196.0,3233.0,https://pbs.twimg.com/media/CW8OYajUMAAPRoF.jpg,bloodhound,0.5288189999999999
56,678389028614488064,2015-12-20 01:38:42 +0000,"<a href=""http://twitter.com/download/iphone"" rel=""nofollow"">Twitter for iPhone</a>","This is Bella. She just learned that her final grade in chem was a 92.49 
poor pupper 11/10 ",https://twitter.com/dog_rates/status/678389028614488064/photo/1,11,10,Bella,pupper,450.0,1953.0,https://pbs.twimg.com/media/CWofOHUWUAACGVa.jpg,miniature_pinscher,0.516284
57,676603393314578432,2015-12-15 03:23:14 +0000,"<a href=""http://twitter.com/download/iphone"" rel=""nofollow"">Twitter for iPhone</a>",This is Godzilla pupper. He had a ruff childhood &amp; now deflects that pain outward by terrorizing cities. Tragic 9/10 ,https://twitter.com/dog_rates/status/676603393314578432/photo/1,9,10,Godzilla,pupper,411.0,1215.0,https://pbs.twimg.com/media/CWPHMqKVAAAE78E.jpg,whippet,0.8770209999999999
58,675845657354215424,2015-12-13 01:12:15 +0000,"<a href=""http://twitter.com/download/iphone"" rel=""nofollow"">Twitter for iPhone</a>","This is Pepper. She's not fully comfortable riding her imaginary bike yet. 10/10 don't worry pupper, it gets easier ",https://twitter.com/dog_rates/status/675845657354215424/photo/1,10,10,Pepper,pupper,936.0,2367.0,https://pbs.twimg.com/media/CWEWClfW4AAnqhG.jpg,pug,0.8839520000000001
59,674737130913071104,2015-12-09 23:47:22 +0000,"<a href=""http://twitter.com/download/iphone"" rel=""nofollow"">Twitter for iPhone</a>",Meet Rufio. He is unaware of the pink legless pupper wrapped around him. Might want to get that checked 10/10 &amp; 4/10 ,https://twitter.com/dog_rates/status/674737130913071104/photo/1,10,10,Rufio,pupper,96.0,664.0,https://pbs.twimg.com/media/CV0l10AU8AAfg-a.jpg,Pomeranian,0.948537
60,674262580978937856,2015-12-08 16:21:41 +0000,"<a href=""http://twitter.com/download/iphone"" rel=""nofollow"">Twitter for iPhone</a>",This is Gus. He's super stoked about being an elephant. Couldn't be happier. 9/10 for elephant pupper ,https://twitter.com/dog_rates/status/674262580978937856/photo/1,9,10,Gus,pupper,475.0,1336.0,https://pbs.twimg.com/media/CVt2PawWIAEUkqW.jpg,Greater_Swiss_Mountain_dog,0.519428
61,673707060090052608,2015-12-07 03:34:14 +0000,"<a href=""http://twitter.com/download/iphone"" rel=""nofollow"">Twitter for iPhone</a>",This is Raymond. He's absolutely terrified of floating tennis ball. 10/10 it'll be ok pupper ,"https://twitter.com/dog_rates/status/673707060090052608/photo/1,https://twitter.com/dog_rates/status/673707060090052608/photo/1",10,10,Raymond,pupper,405.0,1120.0,https://pbs.twimg.com/media/CVl8_EPWoAAcuSC.jpg,German_short-haired_pointer,0.935771
62,673295268553605120,2015-12-06 00:17:55 +0000,"<a href=""http://twitter.com/download/iphone"" rel=""nofollow"">Twitter for iPhone</a>",Meet Eve. She's a raging alcoholic 8/10 (would b 11/10 but pupper alcoholism is a tragic issue that I can't condone) ,https://twitter.com/dog_rates/status/673295268553605120/photo/1,8,10,Eve,pupper,3280.0,7682.0,https://pbs.twimg.com/media/CVgGc9hWIAIe1bn.jpg,golden_retriever,0.889241
63,672988786805112832,2015-12-05 04:00:04 +0000,"<a href=""http://twitter.com/download/iphone"" rel=""nofollow"">Twitter for iPhone</a>",This is Schnozz. He's had a blurred tail since birth. Hasn't let that stop him. 10/10 inspirational pupper ,https://twitter.com/dog_rates/status/672988786805112832/photo/1,10,10,Schnozz,pupper,303.0,998.0,https://pbs.twimg.com/media/CVbvjKqW4AA_CuD.jpg,Lakeland_terrier,0.8366319999999999
64,672975131468300288,2015-12-05 03:05:49 +0000,"<a href=""http://twitter.com/download/iphone"" rel=""nofollow"">Twitter for iPhone</a>",This is Chuckles. He is one skeptical pupper. 10/10 stay woke Chuckles ,https://twitter.com/dog_rates/status/672975131468300288/photo/1,10,10,Chuckles,pupper,948.0,1723.0,https://pbs.twimg.com/media/CVbjRSIWsAElw2s.jpg,pug,0.8364209999999999
65,672594978741354496,2015-12-04 01:55:13 +0000,"<a href=""http://twitter.com/download/iphone"" rel=""nofollow"">Twitter for iPhone</a>",Meet Scott. Just trying to catch his train to work. Doesn't need everybody staring. 9/10 ignore the haters pupper ,https://twitter.com/dog_rates/status/672594978741354496/photo/1,9,10,Scott,pupper,624.0,1352.0,https://pbs.twimg.com/media/CVWJkJXWsAInlZl.jpg,Great_Pyrenees,0.755945
66,672481316919734272,2015-12-03 18:23:34 +0000,"<a href=""http://twitter.com/download/iphone"" rel=""nofollow"">Twitter for iPhone</a>",Say hello to Jazz. She should be on the cover of Vogue. 12/10 gorgeous pupper ,https://twitter.com/dog_rates/status/672481316919734272/photo/1,12,10,Jazz,pupper,128.0,729.0,https://pbs.twimg.com/media/CVUiMUeW4AEQgkU.jpg,Border_collie,0.599454
67,672254177670729728,2015-12-03 03:21:00 +0000,"<a href=""http://twitter.com/download/iphone"" rel=""nofollow"">Twitter for iPhone</a>",This is Rolf. He's having the time of his life. 11/10 good pupper ,https://twitter.com/dog_rates/status/672254177670729728/photo/1,11,10,Rolf,pupper,765.0,1462.0,https://pbs.twimg.com/media/CVRTmz1WcAA4uMF.jpg,pug,0.979487
68,672160042234327040,2015-12-02 21:06:56 +0000,"<a href=""http://twitter.com/download/iphone"" rel=""nofollow"">Twitter for iPhone</a>",This is Bubba. He's a Titted Peebles Aorta. Evolutionary masterpiece. Comfortable with his body. 8/10 great pupper ,https://twitter.com/dog_rates/status/672160042234327040/photo/1,8,10,Bubba,pupper,369.0,887.0,https://pbs.twimg.com/media/CVP9_beUEAAwURR.jpg,pug,0.561027
69,874012996292530176,2017-06-11 21:18:31 +0000,"<a href=""http://twitter.com/download/iphone"" rel=""nofollow"">Twitter for iPhone</a>","This is Sebastian. He can't see all the colors of the rainbow, but he can see that this flag makes his human happy. 13/10 #PrideMonth puppo ","https://twitter.com/dog_rates/status/874012996292530176/photo/1,https://twitter.com/dog_rates/status/874012996292530176/photo/1",13,10,Sebastian,puppo,10320.0,34159.0,https://pbs.twimg.com/media/DCEeLxjXsAAvNSM.jpg,Cardigan,0.806674
70,825026590719483904,2017-01-27 17:04:02 +0000,"<a href=""http://twitter.com/download/iphone"" rel=""nofollow"">Twitter for iPhone</a>","Say hello to Pablo. He's one gorgeous puppo. A true 12/10. Click the link to see why Pablo requests your assistance

 ","https://www.gofundme.com/my-puppys-double-cataract-surgery,https://twitter.com/dog_rates/status/825026590719483904/photo/1,https://twitter.com/dog_rates/status/825026590719483904/photo/1",12,10,Pablo,puppo,1396.0,6742.0,https://pbs.twimg.com/media/C3MVTeHWcAAGNfx.jpg,Eskimo_dog,0.524454
71,819952236453363712,2017-01-13 17:00:21 +0000,"<a href=""http://twitter.com/download/iphone"" rel=""nofollow"">Twitter for iPhone</a>","This is Oliver. He has dreams of being a service puppo so he can help his owner. 13/10 selfless af

make it happen:
 ","https://www.gofundme.com/servicedogoliver,https://twitter.com/dog_rates/status/819952236453363712/photo/1",13,10,Oliver,puppo,1298.0,5670.0,https://pbs.twimg.com/media/C2EONHNWQAUWxkP.jpg,American_Staffordshire_terrier,0.925505
72,803773340896923648,2016-11-30 01:31:12 +0000,"<a href=""http://twitter.com/download/iphone"" rel=""nofollow"">Twitter for iPhone</a>",This is Diogi. He fell in the pool as soon as he was brought home. Clumsy puppo. 12/10 would pet until dry ,"https://twitter.com/dog_rates/status/803773340896923648/photo/1,https://twitter.com/dog_rates/status/803773340896923648/photo/1,https://twitter.com/dog_rates/status/803773340896923648/photo/1,https://twitter.com/dog_rates/status/803773340896923648/photo/1",12,10,Diogi,puppo,3052.0,10781.0,https://pbs.twimg.com/media/CyeTku-XcAALkBd.jpg,miniature_pinscher,0.817066
73,802239329049477120,2016-11-25 19:55:35 +0000,"<a href=""http://twitter.com/download/iphone"" rel=""nofollow"">Twitter for iPhone</a>",This is Loki. He'll do your taxes for you. Can also make room in your budget for all the things you bought today. 12/10 what a puppo ,"https://twitter.com/dog_rates/status/802239329049477120/photo/1,https://twitter.com/dog_rates/status/802239329049477120/photo/1",12,10,Loki,puppo,2871.0,9751.0,https://pbs.twimg.com/media/CyIgaTEVEAA-9zS.jpg,Eskimo_dog,0.482498
74,787717603741622272,2016-10-16 18:11:26 +0000,"<a href=""http://twitter.com/download/iphone"" rel=""nofollow"">Twitter for iPhone</a>",This is Tonks. She is a service puppo. Can hear a caterpillar hiccup from 7 miles away. 13/10 would follow anywhere ,"https://twitter.com/dog_rates/status/787717603741622272/photo/1,https://twitter.com/dog_rates/status/787717603741622272/photo/1,https://twitter.com/dog_rates/status/787717603741622272/photo/1,https://twitter.com/dog_rates/status/787717603741622272/photo/1",13,10,Tonks,puppo,3065.0,10971.0,https://pbs.twimg.com/media/Cu6I9vvWIAAZG0a.jpg,German_shepherd,0.992339
75,744995568523612160,2016-06-20 20:49:19 +0000,"<a href=""http://twitter.com/download/iphone"" rel=""nofollow"">Twitter for iPhone</a>",This is Abby. She got her face stuck in a glass. Churlish af. 9/10 rookie move puppo ,"https://twitter.com/dog_rates/status/744995568523612160/photo/1,https://twitter.com/dog_rates/status/744995568523612160/photo/1",9,10,Abby,puppo,671.0,3132.0,https://pbs.twimg.com/media/ClbBg4WWEAMjwJu.jpg,Old_English_sheepdog,0.4274810000000001
76,743253157753532416,2016-06-16 01:25:36 +0000,"<a href=""http://twitter.com/download/iphone"" rel=""nofollow"">Twitter for iPhone</a>","This is Kilo. He cannot reach the snackum. Nifty tongue, but not nifty enough. 10/10 maybe one day puppo ",https://twitter.com/dog_rates/status/743253157753532416/photo/1,10,10,Kilo,puppo,1307.0,4458.0,https://pbs.twimg.com/media/ClCQzFUUYAA5vAu.jpg,malamute,0.442612
